--
-- PostgreSQL database dump
--

-- Dumped from database version 15.7 (Debian 15.7-1.pgdg120+1)
-- Dumped by pg_dump version 15.7 (Homebrew)

SET statement_timeout = 0;
SET lock_timeout = 0;
SET idle_in_transaction_session_timeout = 0;
SET client_encoding = 'UTF8';
SET standard_conforming_strings = on;
SELECT pg_catalog.set_config('search_path', '', false);
SET check_function_bodies = false;
SET xmloption = content;
SET client_min_messages = warning;
SET row_security = off;

--
-- Name: public; Type: SCHEMA; Schema: -; Owner: rajbeer
--

-- *not* creating schema, since initdb creates it


ALTER SCHEMA public OWNER TO rajbeer;

--
-- Name: SCHEMA public; Type: COMMENT; Schema: -; Owner: rajbeer
--

COMMENT ON SCHEMA public IS '';


--
-- Name: TransactionStatus; Type: TYPE; Schema: public; Owner: rajbeer
--

CREATE TYPE public."TransactionStatus" AS ENUM (
    'PENDING',
    'COMPLETE',
    'ISSUE',
    'CLAIM_SELLER',
    'CLAIM_BUYER',
    'REJECT'
);


ALTER TYPE public."TransactionStatus" OWNER TO rajbeer;

SET default_tablespace = '';

SET default_table_access_method = heap;

--
-- Name: Funds; Type: TABLE; Schema: public; Owner: rajbeer
--

CREATE TABLE public."Funds" (
    id text NOT NULL,
    name text NOT NULL,
    "formNumber" text NOT NULL,
    "userId" text NOT NULL,
    loss integer NOT NULL,
    income integer NOT NULL,
    "taxPaid" integer NOT NULL,
    "taxPayable" integer NOT NULL,
    "createdAt" timestamp(3) without time zone DEFAULT CURRENT_TIMESTAMP NOT NULL
);


ALTER TABLE public."Funds" OWNER TO rajbeer;

--
-- Name: Transaction; Type: TABLE; Schema: public; Owner: rajbeer
--

CREATE TABLE public."Transaction" (
    id text NOT NULL,
    date timestamp(3) without time zone DEFAULT CURRENT_TIMESTAMP NOT NULL,
    "buyerId" text NOT NULL,
    "sellerId" text NOT NULL,
    amount double precision NOT NULL,
    status public."TransactionStatus" NOT NULL,
    invoice text
);


ALTER TABLE public."Transaction" OWNER TO rajbeer;

--
-- Name: User; Type: TABLE; Schema: public; Owner: rajbeer
--

CREATE TABLE public."User" (
    id text NOT NULL,
    email text NOT NULL,
    password text NOT NULL,
    business_name text NOT NULL,
    promoter_name text NOT NULL,
    "registeredAt" timestamp(3) without time zone DEFAULT CURRENT_TIMESTAMP NOT NULL,
    "safetyRating" integer DEFAULT 3 NOT NULL,
    "sumAssured" double precision DEFAULT 0 NOT NULL
);


ALTER TABLE public."User" OWNER TO rajbeer;

--
-- Name: _prisma_migrations; Type: TABLE; Schema: public; Owner: rajbeer
--

CREATE TABLE public._prisma_migrations (
    id character varying(36) NOT NULL,
    checksum character varying(64) NOT NULL,
    finished_at timestamp with time zone,
    migration_name character varying(255) NOT NULL,
    logs text,
    rolled_back_at timestamp with time zone,
    started_at timestamp with time zone DEFAULT now() NOT NULL,
    applied_steps_count integer DEFAULT 0 NOT NULL
);


ALTER TABLE public._prisma_migrations OWNER TO rajbeer;

--
-- Data for Name: Funds; Type: TABLE DATA; Schema: public; Owner: rajbeer
--

COPY public."Funds" (id, name, "formNumber", "userId", loss, income, "taxPaid", "taxPayable", "createdAt") FROM stdin;
4a111105-2162-4edf-a040-fbbf7080a4fe	kiran medicos Fund	ITR-4	3bc6150d-97b2-45a9-aac4-477ac02fb2a7	551	7837	2554	421	2024-07-28 06:18:46.005
4c42e40c-d820-4323-be28-039318b8364d	adi enterprises Fund	ITR-3	439e5b48-9f2c-4403-ad68-b455b5f81aab	661	6403	2055	1360	2024-07-28 06:18:46.005
3b0c53e0-cb36-4a2c-9532-21d1f3da68e8	vaibhav associates Fund	ITR-5	48bf0b72-201d-496a-8a05-72c888c409a0	208	3323	1250	1294	2024-07-28 06:18:46.005
fc1d615d-0b6c-4e13-b267-3a7082e43d35	uddeepta solutions Fund	ITR-7	63605e8b-2669-461f-8638-48c7cb35904a	177	985	1817	844	2024-07-28 06:18:46.005
b154429d-b80a-4f10-b897-01cf9e365ebe	anupam industries Fund	ITR-3	64e84355-9762-417b-81a1-cb9e66e571da	869	572	490	765	2024-07-28 06:18:46.005
06c70dcc-96ba-4297-9fc0-6438e54653ff	kush ventures Fund	ITR-4	6a8d108f-0607-4a3d-a3cd-24ad80877cb9	781	763	4918	1894	2024-07-28 06:18:46.005
90ce19f5-39d0-4492-9670-4f569eedb50d	rajbeer mines Fund	ITR-3	7cd605ce-6789-451d-acd2-949cd1100ae8	948	2341	2508	1502	2024-07-28 06:18:46.005
390763b3-12e0-4ceb-b9c2-02abe7e9b926	raj wood Fund	ITR-5	a7cf4ce8-a9cd-41e6-99b0-427ff5b3655f	409	8518	1159	1698	2024-07-28 06:18:46.005
fbf83d38-e5b0-480a-8e4b-413ef216ca44	amit trading co. Fund	ITR-4	b1d6d6ef-21ae-47de-8411-d841619750ad	940	2377	3507	68	2024-07-28 06:18:46.005
92af388e-0fb1-496d-8c71-2113c93f7a26	jogesh ceramics Fund	ITR-7	b88be087-aed0-4a68-a5bd-ca2b2d94c158	903	804	114	1144	2024-07-28 06:18:46.005
35339c6b-7c1f-47a8-adbc-ad0859454c0d	kiran medicos Fund	ITR-4	3bc6150d-97b2-45a9-aac4-477ac02fb2a7	6634	744069	319140	74898	2024-07-28 06:19:34.41
2b1b4003-f62b-44a5-8196-5d30a0f78f56	adi enterprises Fund	ITR-5	439e5b48-9f2c-4403-ad68-b455b5f81aab	64516	949908	282610	169350	2024-07-28 06:19:34.41
ab206cd0-be04-4af1-a654-b2610ed96976	vaibhav associates Fund	ITR-4	48bf0b72-201d-496a-8a05-72c888c409a0	35963	518785	274775	70828	2024-07-28 06:19:34.41
f3f938a5-f3fe-4f72-af05-8da5370a98d6	uddeepta solutions Fund	ITR-7	63605e8b-2669-461f-8638-48c7cb35904a	78968	306702	186536	28597	2024-07-28 06:19:34.41
3ba178f8-bd5f-4270-bfa7-9bf65f7822d4	anupam industries Fund	ITR-3	64e84355-9762-417b-81a1-cb9e66e571da	19697	358879	319727	97608	2024-07-28 06:19:34.41
9e3a2ee9-12d3-4dfb-9891-a2bec63d81ac	kush ventures Fund	ITR-4	6a8d108f-0607-4a3d-a3cd-24ad80877cb9	94053	913986	170791	167679	2024-07-28 06:19:34.41
7581fc20-6d6d-447f-8dac-8f6a8a12b8d9	rajbeer mines Fund	ITR-5	7cd605ce-6789-451d-acd2-949cd1100ae8	88921	92307	194295	102877	2024-07-28 06:19:34.41
5326dce8-55be-430d-a23e-476606a2774d	raj wood Fund	ITR-7	a7cf4ce8-a9cd-41e6-99b0-427ff5b3655f	73657	392746	294820	75590	2024-07-28 06:19:34.41
e33c5161-024d-4d4b-85fc-abbe2c6346b4	amit trading co. Fund	ITR-4	b1d6d6ef-21ae-47de-8411-d841619750ad	65134	1901	356800	66257	2024-07-28 06:19:34.41
8ec55e02-92aa-4e78-9d34-4b2f836bc9f7	jogesh ceramics Fund	ITR-7	b88be087-aed0-4a68-a5bd-ca2b2d94c158	64912	58671	18700	1317	2024-07-28 06:19:34.41
0586dbb3-b33a-4f21-b308-6e551c520173	SANTOSHKUMARLOHIA	ITR-4	7cd605ce-6789-451d-acd2-949cd1100ae8	0	498820	14734	0	2024-07-30 04:39:37.7
a00e9a57-20bb-49a7-91e5-811ce78615a8	MARAPPAN SARAVANAKUMAR	ITR-3	f0fc3109-3b72-4cd6-9f2b-658b1b81b920	0	985100	161110	161106	2024-07-30 04:51:27.929
b1629711-c3a8-450b-b706-7a727a1bd8dd	MARAPPAN SARAVANAKUMAR	ITR-3	7cd605ce-6789-451d-acd2-949cd1100ae8	0	985100	161110	161106	2024-08-01 08:01:30.494
0b3744ad-f173-4432-b2f2-c2075dd0e255	MARAPPAN SARAVANAKUMAR	ITR-3	7cd605ce-6789-451d-acd2-949cd1100ae8	0	985100	161110	161106	2024-08-01 08:10:59.053
\.


--
-- Data for Name: Transaction; Type: TABLE DATA; Schema: public; Owner: rajbeer
--

COPY public."Transaction" (id, date, "buyerId", "sellerId", amount, status, invoice) FROM stdin;
78dc44f1-11ea-4d2a-969f-bf70eb8bc40d	2024-07-25 03:48:14.34	439e5b48-9f2c-4403-ad68-b455b5f81aab	48bf0b72-201d-496a-8a05-72c888c409a0	414094.98	ISSUE	\N
575375a5-9b2f-4273-982e-857b0c47873d	2024-07-17 15:48:58.688	439e5b48-9f2c-4403-ad68-b455b5f81aab	63605e8b-2669-461f-8638-48c7cb35904a	94483.34	COMPLETE	\N
8aeea780-e180-4ac2-9f4f-484fa65f2f1e	2024-07-18 13:16:20.186	439e5b48-9f2c-4403-ad68-b455b5f81aab	64e84355-9762-417b-81a1-cb9e66e571da	405778.9	ISSUE	\N
dd2f268d-35c8-4e64-9283-db3b5b5f194f	2024-07-17 03:24:26.077	439e5b48-9f2c-4403-ad68-b455b5f81aab	6a8d108f-0607-4a3d-a3cd-24ad80877cb9	792993.6	PENDING	\N
f6c5b1ab-bd59-46e5-8adf-d36bd039761f	2024-07-22 21:50:02.962	439e5b48-9f2c-4403-ad68-b455b5f81aab	7cd605ce-6789-451d-acd2-949cd1100ae8	702061	COMPLETE	\N
93299b6b-38d2-40b8-9c69-6e27a78f7cb2	2024-07-23 18:21:51.07	439e5b48-9f2c-4403-ad68-b455b5f81aab	b1d6d6ef-21ae-47de-8411-d841619750ad	615259.5	COMPLETE	\N
bd6c127a-0924-444a-9a64-b1b66414195b	2024-07-20 20:44:21.185	439e5b48-9f2c-4403-ad68-b455b5f81aab	b88be087-aed0-4a68-a5bd-ca2b2d94c158	229407.45	ISSUE	\N
1877f944-646f-407e-821b-82b1e1b5c041	2024-07-24 07:23:42.359	48bf0b72-201d-496a-8a05-72c888c409a0	439e5b48-9f2c-4403-ad68-b455b5f81aab	441884.55	PENDING	\N
12f60f7f-597f-4dfd-87ae-01b4d331a3b1	2024-07-25 11:13:44.725	48bf0b72-201d-496a-8a05-72c888c409a0	63605e8b-2669-461f-8638-48c7cb35904a	225065.56	PENDING	\N
9dab581d-6338-4e6a-ab62-b982ff7067cf	2024-07-24 19:45:11.304	48bf0b72-201d-496a-8a05-72c888c409a0	64e84355-9762-417b-81a1-cb9e66e571da	710775.66	COMPLETE	\N
db47f95d-828e-420e-bfc1-2e548161f2c4	2024-07-18 18:25:06.407	48bf0b72-201d-496a-8a05-72c888c409a0	6a8d108f-0607-4a3d-a3cd-24ad80877cb9	815394.1	COMPLETE	\N
976d97f4-7af0-49d5-86fa-e39a83744e62	2024-07-25 15:10:08.734	48bf0b72-201d-496a-8a05-72c888c409a0	7cd605ce-6789-451d-acd2-949cd1100ae8	819578.72	COMPLETE	\N
56b1b635-c6f1-4c9c-a80b-3c2ca9610092	2024-07-23 12:19:59.167	48bf0b72-201d-496a-8a05-72c888c409a0	b1d6d6ef-21ae-47de-8411-d841619750ad	157850.15	ISSUE	\N
9282d2a7-bd84-4af4-83d3-3ecbc30cf19c	2024-07-23 09:17:20.464	48bf0b72-201d-496a-8a05-72c888c409a0	b88be087-aed0-4a68-a5bd-ca2b2d94c158	908520.43	COMPLETE	\N
04848802-b5da-4d02-bc86-c80a421b6233	2024-07-23 19:13:11.851	63605e8b-2669-461f-8638-48c7cb35904a	439e5b48-9f2c-4403-ad68-b455b5f81aab	253441.73	ISSUE	\N
a940bb0a-36b8-4a1c-9cb5-ca88f83b350f	2024-07-17 07:08:49.295	63605e8b-2669-461f-8638-48c7cb35904a	48bf0b72-201d-496a-8a05-72c888c409a0	381913.96	PENDING	\N
c9d0cbfa-5467-4713-b875-13074e96b2e2	2024-07-20 21:57:42.392	63605e8b-2669-461f-8638-48c7cb35904a	64e84355-9762-417b-81a1-cb9e66e571da	393193.96	PENDING	\N
5ee930e5-3520-4c4d-be02-b4d9a636b0f2	2024-07-18 06:30:23.77	63605e8b-2669-461f-8638-48c7cb35904a	6a8d108f-0607-4a3d-a3cd-24ad80877cb9	717777.71	ISSUE	\N
8c25d770-5f73-43ac-a271-ac4adae9da03	2024-07-20 04:33:12.469	63605e8b-2669-461f-8638-48c7cb35904a	b1d6d6ef-21ae-47de-8411-d841619750ad	618613.23	COMPLETE	\N
4933356f-b198-4b7e-b58b-d69be5a36798	2024-07-22 20:18:44.626	63605e8b-2669-461f-8638-48c7cb35904a	b88be087-aed0-4a68-a5bd-ca2b2d94c158	893795.12	PENDING	\N
a51dde7f-2d0e-4c1a-9607-2deb1244f61b	2024-07-24 03:04:39.934	64e84355-9762-417b-81a1-cb9e66e571da	439e5b48-9f2c-4403-ad68-b455b5f81aab	208683.17	PENDING	\N
1df9ce81-1855-4d9a-b483-da3582013bd5	2024-07-22 02:14:49.124	64e84355-9762-417b-81a1-cb9e66e571da	48bf0b72-201d-496a-8a05-72c888c409a0	168712.68	COMPLETE	\N
953485d5-a39b-4fe4-a9c3-d959284409f9	2024-07-25 23:29:42.976	64e84355-9762-417b-81a1-cb9e66e571da	63605e8b-2669-461f-8638-48c7cb35904a	994491.61	PENDING	\N
679c3e6d-a54d-42d4-b6fe-04b64f7e4f43	2024-07-21 06:37:06.963	64e84355-9762-417b-81a1-cb9e66e571da	b1d6d6ef-21ae-47de-8411-d841619750ad	375709.75	COMPLETE	\N
24118b80-f98f-4577-ae7a-bf225954eb97	2024-07-18 12:10:17.336	64e84355-9762-417b-81a1-cb9e66e571da	b88be087-aed0-4a68-a5bd-ca2b2d94c158	12300.2	COMPLETE	\N
57768113-2d30-419f-bbfa-85a0257fd62e	2024-07-20 19:14:35.937	6a8d108f-0607-4a3d-a3cd-24ad80877cb9	439e5b48-9f2c-4403-ad68-b455b5f81aab	199606.87	COMPLETE	\N
ebaf7358-3bb6-42d6-a086-992a5699ae3c	2024-07-25 01:01:05.251	6a8d108f-0607-4a3d-a3cd-24ad80877cb9	48bf0b72-201d-496a-8a05-72c888c409a0	701848.85	COMPLETE	\N
2f2311e5-c07c-4461-8086-61ba320233d8	2024-07-17 02:27:50.487	6a8d108f-0607-4a3d-a3cd-24ad80877cb9	63605e8b-2669-461f-8638-48c7cb35904a	766783.2	PENDING	\N
4672c142-1492-4da1-9f9f-ce4a277c177e	2024-07-20 06:51:55.135	6a8d108f-0607-4a3d-a3cd-24ad80877cb9	64e84355-9762-417b-81a1-cb9e66e571da	347292.67	COMPLETE	\N
587a4729-f758-4df8-8e13-95eb0f2acff4	2024-07-18 21:42:39.682	6a8d108f-0607-4a3d-a3cd-24ad80877cb9	b1d6d6ef-21ae-47de-8411-d841619750ad	56668.15	COMPLETE	\N
d0e07b89-83a8-4dab-81ac-0285a36ccc4f	2024-07-18 13:05:14.716	6a8d108f-0607-4a3d-a3cd-24ad80877cb9	b88be087-aed0-4a68-a5bd-ca2b2d94c158	190289.44	COMPLETE	\N
9461ac04-387d-488a-b7c0-deda142b083c	2024-07-23 02:02:36.895	7cd605ce-6789-451d-acd2-949cd1100ae8	439e5b48-9f2c-4403-ad68-b455b5f81aab	786053.76	COMPLETE	\N
4d9bd5df-d270-4d90-9ce6-591c90115f67	2024-07-22 00:33:01.213	7cd605ce-6789-451d-acd2-949cd1100ae8	63605e8b-2669-461f-8638-48c7cb35904a	267077.04	COMPLETE	\N
5b08a7f1-369e-48d1-b137-0658c18407de	2024-07-17 00:36:05.183	7cd605ce-6789-451d-acd2-949cd1100ae8	64e84355-9762-417b-81a1-cb9e66e571da	400012.72	COMPLETE	\N
0667bb35-20fd-4c29-b09f-6a8f8d8afe9e	2024-07-19 14:38:38.01	7cd605ce-6789-451d-acd2-949cd1100ae8	6a8d108f-0607-4a3d-a3cd-24ad80877cb9	622932.83	COMPLETE	\N
d2e7d91f-03c6-4f6a-a438-e834d50656d1	2024-07-16 16:29:46.02	7cd605ce-6789-451d-acd2-949cd1100ae8	b88be087-aed0-4a68-a5bd-ca2b2d94c158	192297.83	COMPLETE	\N
d32600c9-28bf-4519-870f-51c1e2845b1c	2024-07-17 23:17:34.619	b1d6d6ef-21ae-47de-8411-d841619750ad	439e5b48-9f2c-4403-ad68-b455b5f81aab	811951.21	ISSUE	\N
b6cc8a31-f0ba-4d90-9953-4a801989956c	2024-07-18 09:37:01.375	b1d6d6ef-21ae-47de-8411-d841619750ad	48bf0b72-201d-496a-8a05-72c888c409a0	363615.22	PENDING	\N
e5367bfa-bfd8-44c8-bb10-127ae8a090e0	2024-07-17 13:43:50.288	b1d6d6ef-21ae-47de-8411-d841619750ad	63605e8b-2669-461f-8638-48c7cb35904a	773869.62	ISSUE	\N
e4dff36d-c202-421a-bcb7-1d029157d0bc	2024-07-24 14:30:32.383	b1d6d6ef-21ae-47de-8411-d841619750ad	64e84355-9762-417b-81a1-cb9e66e571da	632531.38	PENDING	\N
d065143b-593b-4a97-a92e-f73e29c00994	2024-07-23 07:57:57.524	63605e8b-2669-461f-8638-48c7cb35904a	7cd605ce-6789-451d-acd2-949cd1100ae8	46975.3	PENDING	https://utfs.io/f/beadf534-9a4d-4659-8bd6-0cde0f1aae01-7hnoq1.pdf
e0f3e6d1-6411-4d13-a273-ed931dc0ca8e	2024-07-18 20:08:07.905	64e84355-9762-417b-81a1-cb9e66e571da	6a8d108f-0607-4a3d-a3cd-24ad80877cb9	457523.71	PENDING	\N
6c347639-d410-45ea-9abd-ed4c6a5bd3f6	2024-07-22 22:58:18.614	64e84355-9762-417b-81a1-cb9e66e571da	7cd605ce-6789-451d-acd2-949cd1100ae8	743298.9	CLAIM_SELLER	\N
ea4cb89d-0af5-41ef-94a4-b517034f0e65	2024-07-23 11:48:56.723	6a8d108f-0607-4a3d-a3cd-24ad80877cb9	7cd605ce-6789-451d-acd2-949cd1100ae8	177075.64	CLAIM_SELLER	\N
444b3c23-8bbd-4fd3-9802-ee4984219ec0	2024-07-24 12:02:45.154	7cd605ce-6789-451d-acd2-949cd1100ae8	48bf0b72-201d-496a-8a05-72c888c409a0	418491.22	CLAIM_BUYER	\N
d9d80262-aacb-43a4-9fd9-5bbba3b99685	2024-07-24 07:45:15.874	b1d6d6ef-21ae-47de-8411-d841619750ad	b88be087-aed0-4a68-a5bd-ca2b2d94c158	567348.51	PENDING	\N
2204b50f-7d98-4368-ab15-c5f3d25a1da2	2024-07-22 03:38:41.938	b88be087-aed0-4a68-a5bd-ca2b2d94c158	439e5b48-9f2c-4403-ad68-b455b5f81aab	824844.37	PENDING	\N
ea8dc177-e27e-4110-bd89-bef59b08e011	2024-07-19 20:11:19.294	b88be087-aed0-4a68-a5bd-ca2b2d94c158	48bf0b72-201d-496a-8a05-72c888c409a0	67688.86	PENDING	\N
c50a2dee-9595-4146-ae78-0cdba24f0a3c	2024-07-16 17:32:01.398	b88be087-aed0-4a68-a5bd-ca2b2d94c158	63605e8b-2669-461f-8638-48c7cb35904a	62245.16	COMPLETE	\N
02b52152-8da1-4f7b-a236-940bd6825369	2024-07-21 10:54:19.479	b88be087-aed0-4a68-a5bd-ca2b2d94c158	64e84355-9762-417b-81a1-cb9e66e571da	740402.5	COMPLETE	\N
b9f88b9f-47be-4510-8799-98781589ad32	2024-07-24 15:57:42.376	b88be087-aed0-4a68-a5bd-ca2b2d94c158	6a8d108f-0607-4a3d-a3cd-24ad80877cb9	208952.24	ISSUE	\N
5586dc6f-6abc-4816-85ec-d7f703e0347f	2024-07-21 16:29:30.073	b88be087-aed0-4a68-a5bd-ca2b2d94c158	7cd605ce-6789-451d-acd2-949cd1100ae8	52072.33	COMPLETE	\N
534ea876-0287-4da6-9eb6-fd29fc414a8c	2024-07-22 06:59:17.289	b88be087-aed0-4a68-a5bd-ca2b2d94c158	b1d6d6ef-21ae-47de-8411-d841619750ad	719100.32	ISSUE	\N
05766350-ea82-4465-9bd3-ed86d67610b6	2024-07-12 13:34:21.948	439e5b48-9f2c-4403-ad68-b455b5f81aab	48bf0b72-201d-496a-8a05-72c888c409a0	178843.71	PENDING	\N
91f7cb97-ed7f-4900-b5e8-e12c5eb3a4df	2024-07-10 20:24:39.997	439e5b48-9f2c-4403-ad68-b455b5f81aab	63605e8b-2669-461f-8638-48c7cb35904a	524470.78	PENDING	\N
fd86f90a-8795-4f29-be7e-d1933b063ce6	2024-07-08 01:38:55.379	439e5b48-9f2c-4403-ad68-b455b5f81aab	64e84355-9762-417b-81a1-cb9e66e571da	731607.87	PENDING	\N
c2155d91-65b6-4a50-9688-5dd1828c84c6	2024-07-10 07:43:18.048	439e5b48-9f2c-4403-ad68-b455b5f81aab	6a8d108f-0607-4a3d-a3cd-24ad80877cb9	543557.48	ISSUE	\N
414b4a10-723a-4d0a-b9d7-ae7923fcf9ea	2024-07-09 14:37:07.359	439e5b48-9f2c-4403-ad68-b455b5f81aab	b1d6d6ef-21ae-47de-8411-d841619750ad	520124.98	ISSUE	\N
ef03fb5d-288a-43b4-a220-8f385a46e933	2024-07-15 08:07:47.8	439e5b48-9f2c-4403-ad68-b455b5f81aab	b88be087-aed0-4a68-a5bd-ca2b2d94c158	65356.27	COMPLETE	\N
44d27a12-2d62-4c0f-96e4-281e90ebdcfe	2024-07-15 23:32:16.934	48bf0b72-201d-496a-8a05-72c888c409a0	439e5b48-9f2c-4403-ad68-b455b5f81aab	390433.8	PENDING	\N
9d3be259-8cc7-40e9-8ed2-2e949a7f2df1	2024-07-12 20:25:14.066	48bf0b72-201d-496a-8a05-72c888c409a0	63605e8b-2669-461f-8638-48c7cb35904a	111899.82	ISSUE	\N
fd238196-7bf4-4620-ad08-031b1f8c0ae9	2024-07-11 02:20:45.688	48bf0b72-201d-496a-8a05-72c888c409a0	64e84355-9762-417b-81a1-cb9e66e571da	907825.15	PENDING	\N
61b8190d-8487-4637-89d3-2d8f7025551d	2024-07-15 16:24:49.576	48bf0b72-201d-496a-8a05-72c888c409a0	6a8d108f-0607-4a3d-a3cd-24ad80877cb9	526475.33	COMPLETE	\N
979fba2b-925c-497f-be30-401c0b63a933	2024-07-10 08:43:54.112	48bf0b72-201d-496a-8a05-72c888c409a0	7cd605ce-6789-451d-acd2-949cd1100ae8	261652.07	COMPLETE	\N
b8130157-9536-42fa-b135-b304355c932e	2024-07-10 12:13:35.885	48bf0b72-201d-496a-8a05-72c888c409a0	b1d6d6ef-21ae-47de-8411-d841619750ad	284082.45	COMPLETE	\N
cc793429-797c-4f0f-b7e0-9d5af3e59b8d	2024-07-16 05:24:44.791	48bf0b72-201d-496a-8a05-72c888c409a0	b88be087-aed0-4a68-a5bd-ca2b2d94c158	358745.79	PENDING	\N
db382299-31a2-431e-b8c7-3ca08dae980a	2024-07-07 06:46:20.819	63605e8b-2669-461f-8638-48c7cb35904a	439e5b48-9f2c-4403-ad68-b455b5f81aab	230872.29	COMPLETE	\N
ed016987-78f4-4669-bae5-92f6d597c8e1	2024-07-11 09:19:20.857	63605e8b-2669-461f-8638-48c7cb35904a	48bf0b72-201d-496a-8a05-72c888c409a0	824911.14	COMPLETE	\N
71eb26a1-83f5-4adf-a39d-70733593d835	2024-07-09 15:02:08.973	63605e8b-2669-461f-8638-48c7cb35904a	64e84355-9762-417b-81a1-cb9e66e571da	680222	COMPLETE	\N
78062247-1d89-4f9d-8d89-eb3390d31634	2024-07-10 06:50:21.396	63605e8b-2669-461f-8638-48c7cb35904a	6a8d108f-0607-4a3d-a3cd-24ad80877cb9	152382.73	PENDING	\N
8507f3be-84a3-4220-8b14-0e1248ccafc3	2024-07-08 05:08:44.93	63605e8b-2669-461f-8638-48c7cb35904a	7cd605ce-6789-451d-acd2-949cd1100ae8	625634.02	COMPLETE	\N
44ebf40a-965a-4eca-a82a-e877e6828723	2024-07-08 13:20:55.345	63605e8b-2669-461f-8638-48c7cb35904a	b1d6d6ef-21ae-47de-8411-d841619750ad	14995.37	ISSUE	\N
10b9c733-c116-4845-be2e-4a46de380d51	2024-07-07 03:33:27.728	63605e8b-2669-461f-8638-48c7cb35904a	b88be087-aed0-4a68-a5bd-ca2b2d94c158	497831.68	ISSUE	\N
fc525a39-c9b2-4b3f-b849-13594a8d1bb3	2024-07-11 13:05:01.74	64e84355-9762-417b-81a1-cb9e66e571da	439e5b48-9f2c-4403-ad68-b455b5f81aab	13370.68	COMPLETE	\N
9870c6d2-cef2-4596-9e22-9b4dbe8bcb1d	2024-07-09 08:31:58.529	64e84355-9762-417b-81a1-cb9e66e571da	48bf0b72-201d-496a-8a05-72c888c409a0	681096.23	PENDING	\N
cc1062c8-e02a-4433-b954-660e027ad32e	2024-07-13 03:33:38.829	64e84355-9762-417b-81a1-cb9e66e571da	63605e8b-2669-461f-8638-48c7cb35904a	514812.87	ISSUE	\N
1b0ed1d1-2038-4ec0-8116-029773334a81	2024-07-15 11:48:56.273	64e84355-9762-417b-81a1-cb9e66e571da	6a8d108f-0607-4a3d-a3cd-24ad80877cb9	105315.71	COMPLETE	\N
76863f46-5d01-47d7-92ee-3d7bdca1b03a	2024-07-06 19:50:39.453	64e84355-9762-417b-81a1-cb9e66e571da	7cd605ce-6789-451d-acd2-949cd1100ae8	60266.07	COMPLETE	\N
fbcc9696-a853-4a6d-9a12-e0f95dec251b	2024-07-14 15:13:34.671	64e84355-9762-417b-81a1-cb9e66e571da	b1d6d6ef-21ae-47de-8411-d841619750ad	681485.76	PENDING	\N
87478bbc-d69a-40a9-9dc5-6719b14ba6b5	2024-07-12 20:05:58.795	64e84355-9762-417b-81a1-cb9e66e571da	b88be087-aed0-4a68-a5bd-ca2b2d94c158	293601.38	COMPLETE	\N
1a4929a2-cbd8-44dc-9dab-64177a93161e	2024-07-10 07:37:24.23	6a8d108f-0607-4a3d-a3cd-24ad80877cb9	439e5b48-9f2c-4403-ad68-b455b5f81aab	326693.58	ISSUE	\N
2e85c1b4-c977-43de-a30b-2c5fd2193ea3	2024-07-06 19:14:02.741	6a8d108f-0607-4a3d-a3cd-24ad80877cb9	48bf0b72-201d-496a-8a05-72c888c409a0	101300.33	COMPLETE	\N
399a8fe9-794c-45d4-870f-438d035fad8f	2024-07-13 05:46:39.188	6a8d108f-0607-4a3d-a3cd-24ad80877cb9	63605e8b-2669-461f-8638-48c7cb35904a	521108.21	ISSUE	\N
98822f30-8d64-41ab-b387-29aa4b03209f	2024-07-13 17:59:23.909	6a8d108f-0607-4a3d-a3cd-24ad80877cb9	64e84355-9762-417b-81a1-cb9e66e571da	351579.32	COMPLETE	\N
466d88ec-f01f-4f8c-8ada-0ce886d61205	2024-07-13 23:49:22.037	6a8d108f-0607-4a3d-a3cd-24ad80877cb9	7cd605ce-6789-451d-acd2-949cd1100ae8	751606.83	ISSUE	\N
63d83f32-9072-43b2-a145-516493e35ab9	2024-07-11 23:56:46.464	6a8d108f-0607-4a3d-a3cd-24ad80877cb9	b1d6d6ef-21ae-47de-8411-d841619750ad	672431.9	ISSUE	\N
eead408d-fb07-4b07-a5dd-d7b3fbafd8a3	2024-07-14 21:28:41.675	6a8d108f-0607-4a3d-a3cd-24ad80877cb9	b88be087-aed0-4a68-a5bd-ca2b2d94c158	657292.44	ISSUE	\N
1be52aea-9baa-4420-adda-c4a021ebcb23	2024-07-13 13:20:30.67	7cd605ce-6789-451d-acd2-949cd1100ae8	48bf0b72-201d-496a-8a05-72c888c409a0	411057.4	ISSUE	\N
62692d7d-5694-4917-a4c8-f3eec4bb4a27	2024-07-12 19:32:59.491	7cd605ce-6789-451d-acd2-949cd1100ae8	63605e8b-2669-461f-8638-48c7cb35904a	38679.54	PENDING	\N
101e11a9-bfbf-4723-97be-57042880795d	2024-07-16 11:32:08.165	7cd605ce-6789-451d-acd2-949cd1100ae8	439e5b48-9f2c-4403-ad68-b455b5f81aab	323319.23	CLAIM_SELLER	\N
159fb8dc-49ba-4d50-b8ee-0b6be3d558d3	2024-07-11 20:27:14.967	439e5b48-9f2c-4403-ad68-b455b5f81aab	7cd605ce-6789-451d-acd2-949cd1100ae8	614078.49	COMPLETE	\N
b7a195a9-fed5-4ac3-aaf7-ef2a95363a74	2024-07-16 02:34:19.278	7cd605ce-6789-451d-acd2-949cd1100ae8	64e84355-9762-417b-81a1-cb9e66e571da	143675.68	ISSUE	\N
4bfc5df2-a2c2-4856-ba82-91ecd553e8e5	2024-07-16 06:56:51.223	7cd605ce-6789-451d-acd2-949cd1100ae8	6a8d108f-0607-4a3d-a3cd-24ad80877cb9	96915.62	COMPLETE	\N
06607f14-0fb6-4690-8579-d815a432f370	2024-07-14 06:48:23.637	7cd605ce-6789-451d-acd2-949cd1100ae8	b1d6d6ef-21ae-47de-8411-d841619750ad	79828.9	COMPLETE	\N
82ec0f15-7149-4d4d-a991-0b65a47bbe5d	2024-07-11 20:47:41.644	b1d6d6ef-21ae-47de-8411-d841619750ad	439e5b48-9f2c-4403-ad68-b455b5f81aab	420402.78	PENDING	\N
a4ae6f24-0826-4d23-b4f0-6ddf1b8e6807	2024-07-11 13:46:53.672	b1d6d6ef-21ae-47de-8411-d841619750ad	48bf0b72-201d-496a-8a05-72c888c409a0	498540.53	ISSUE	\N
130fc970-3faa-47ca-a78b-663a05dd9e71	2024-07-11 14:45:51.567	b1d6d6ef-21ae-47de-8411-d841619750ad	63605e8b-2669-461f-8638-48c7cb35904a	478416.53	ISSUE	\N
7e65f5f4-5101-4bdf-b59a-dca2eb578b62	2024-07-15 14:32:37.5	b1d6d6ef-21ae-47de-8411-d841619750ad	64e84355-9762-417b-81a1-cb9e66e571da	959606.26	PENDING	\N
3430d9c7-ea4d-4ab4-85c2-6902bdb31406	2024-07-11 07:26:26.942	b1d6d6ef-21ae-47de-8411-d841619750ad	6a8d108f-0607-4a3d-a3cd-24ad80877cb9	439.57	PENDING	\N
398baddd-c8fa-4103-9452-bc597bdb568f	2024-07-14 19:24:47.873	b1d6d6ef-21ae-47de-8411-d841619750ad	7cd605ce-6789-451d-acd2-949cd1100ae8	245215.02	COMPLETE	\N
55af7e3f-33d0-448d-b39c-68a6f0b407b8	2024-07-08 14:19:46.745	b1d6d6ef-21ae-47de-8411-d841619750ad	b88be087-aed0-4a68-a5bd-ca2b2d94c158	427304.17	PENDING	\N
3b53bf0a-2653-42e7-8e72-dc10985c7a13	2024-07-13 01:58:22.784	b88be087-aed0-4a68-a5bd-ca2b2d94c158	439e5b48-9f2c-4403-ad68-b455b5f81aab	975249.58	ISSUE	\N
acbcfeaf-8156-496a-9185-e60d739db967	2024-07-12 22:01:57.421	b88be087-aed0-4a68-a5bd-ca2b2d94c158	48bf0b72-201d-496a-8a05-72c888c409a0	880212.76	COMPLETE	\N
7cad1c4f-a485-49f9-99cf-bef3769f764e	2024-07-06 21:54:29.841	b88be087-aed0-4a68-a5bd-ca2b2d94c158	63605e8b-2669-461f-8638-48c7cb35904a	668282.17	COMPLETE	\N
f9f7a195-c6a0-490f-8dbf-6f5c82736e23	2024-07-13 14:47:34.176	b88be087-aed0-4a68-a5bd-ca2b2d94c158	64e84355-9762-417b-81a1-cb9e66e571da	266034.19	PENDING	\N
680e5a4b-cd52-454f-a024-56658b3a3e39	2024-07-10 17:51:55.504	b88be087-aed0-4a68-a5bd-ca2b2d94c158	6a8d108f-0607-4a3d-a3cd-24ad80877cb9	67699.47	COMPLETE	\N
1e66cdbb-d0d5-4dc1-8d40-cd4c484f4741	2024-07-07 01:12:44.107	b88be087-aed0-4a68-a5bd-ca2b2d94c158	7cd605ce-6789-451d-acd2-949cd1100ae8	798543.17	ISSUE	\N
ea4b35f0-9d4e-47bd-b486-529f2c2809d6	2024-07-15 01:19:15.922	b88be087-aed0-4a68-a5bd-ca2b2d94c158	b1d6d6ef-21ae-47de-8411-d841619750ad	414937.67	COMPLETE	\N
33fbcb81-4fe5-4d47-aa85-98c3dfbb8ce2	2020-01-01 00:00:00	64e84355-9762-417b-81a1-cb9e66e571da	7cd605ce-6789-451d-acd2-949cd1100ae8	124560	PENDING	\N
c84c348b-0257-4858-a474-8de2267b31a0	2020-01-01 00:00:00	64e84355-9762-417b-81a1-cb9e66e571da	64e84355-9762-417b-81a1-cb9e66e571da	214560	PENDING	\N
866bb762-29f8-472a-9790-4aa66bd3e55c	2020-01-01 00:00:00	64e84355-9762-417b-81a1-cb9e66e571da	63605e8b-2669-461f-8638-48c7cb35904a	84560	PENDING	\N
908509a7-38d7-4cbc-8c86-ba17a2f3a191	2020-01-01 00:00:00	a7cf4ce8-a9cd-41e6-99b0-427ff5b3655f	63605e8b-2669-461f-8638-48c7cb35904a	84560	PENDING	\N
6a990b5a-e463-4963-9b9e-829f4af7b641	2020-01-01 00:00:00	a7cf4ce8-a9cd-41e6-99b0-427ff5b3655f	7cd605ce-6789-451d-acd2-949cd1100ae8	184560	PENDING	\N
fe164fd7-ef83-40af-a333-391513716aac	2020-01-01 00:00:00	a7cf4ce8-a9cd-41e6-99b0-427ff5b3655f	64e84355-9762-417b-81a1-cb9e66e571da	284560	PENDING	\N
dd842437-1170-4cd3-bdef-9e40a37c83f7	2020-01-01 00:00:00	a7cf4ce8-a9cd-41e6-99b0-427ff5b3655f	64e84355-9762-417b-81a1-cb9e66e571da	284560	PENDING	\N
e1192d82-a4ea-41f0-a41a-03fe6585b88d	2024-07-30 05:29:39.934	f0fc3109-3b72-4cd6-9f2b-658b1b81b920	48bf0b72-201d-496a-8a05-72c888c409a0	1200	PENDING	\N
e649ac72-8471-45b9-9577-9202dc8d4358	2024-07-30 05:32:35.016	f0fc3109-3b72-4cd6-9f2b-658b1b81b920	48bf0b72-201d-496a-8a05-72c888c409a0	120	PENDING	\N
9706ba24-1013-4d3c-b6e2-564355ea6b38	2024-07-30 08:37:16.017	f0fc3109-3b72-4cd6-9f2b-658b1b81b920	439e5b48-9f2c-4403-ad68-b455b5f81aab	1000	PENDING	\N
9fa13b2f-17b8-4764-b43c-4f2ac44c515d	2024-07-30 08:54:23.947	6a8d108f-0607-4a3d-a3cd-24ad80877cb9	439e5b48-9f2c-4403-ad68-b455b5f81aab	342333	PENDING	\N
75d00da3-d8cd-4e64-85c5-2c875dd82610	2024-07-30 08:31:31.417	f0fc3109-3b72-4cd6-9f2b-658b1b81b920	6a8d108f-0607-4a3d-a3cd-24ad80877cb9	12000	ISSUE	\N
ad177fb4-3946-4167-a0b8-f93bade92be1	2024-07-25 02:17:09.969	b1d6d6ef-21ae-47de-8411-d841619750ad	6a8d108f-0607-4a3d-a3cd-24ad80877cb9	513851.92	COMPLETE	\N
9b32698a-2ff8-497c-b85b-94c55acc2814	2024-08-01 04:10:03.337	7cd605ce-6789-451d-acd2-949cd1100ae8	439e5b48-9f2c-4403-ad68-b455b5f81aab	12000	PENDING	\N
dec62da6-130c-4f89-bfef-28ffd9aac6a7	2024-08-01 04:12:18.7	7cd605ce-6789-451d-acd2-949cd1100ae8	439e5b48-9f2c-4403-ad68-b455b5f81aab	13000	PENDING	https://utfs.io/f/beadf534-9a4d-4659-8bd6-0cde0f1aae01-7hnoq1.pdf
046046b4-84f6-495e-a732-11276202b88e	2024-07-20 07:48:46.91	b1d6d6ef-21ae-47de-8411-d841619750ad	7cd605ce-6789-451d-acd2-949cd1100ae8	113412.63	ISSUE	\N
2f2f28c7-8dfa-444d-b1af-fafe821adde9	2024-07-13 11:38:56.91	7cd605ce-6789-451d-acd2-949cd1100ae8	b88be087-aed0-4a68-a5bd-ca2b2d94c158	853753.46	CLAIM_BUYER	\N
dd231c9a-cc0c-4f94-aec7-f6d12c73d74c	2024-07-17 14:46:09.245	7cd605ce-6789-451d-acd2-949cd1100ae8	b1d6d6ef-21ae-47de-8411-d841619750ad	120926.81	CLAIM_BUYER	\N
\.


--
-- Data for Name: User; Type: TABLE DATA; Schema: public; Owner: rajbeer
--

COPY public."User" (id, email, password, business_name, promoter_name, "registeredAt", "safetyRating", "sumAssured") FROM stdin;
439e5b48-9f2c-4403-ad68-b455b5f81aab	adi@gmail.com	$2a$10$qYoHChIR8oocJBSqgS36Le74W.8.z5cJXMO8mdkMDGy6YOuZaoOJ6	adi enterprises	adi	2024-07-28 05:53:47.719	5	765048.8
48bf0b72-201d-496a-8a05-72c888c409a0	vaibhav@gmail.com	$2a$10$/RMx52aM87dy.cNUeK/EnuHDjGqe6Ooy8z32JXMDDjppnvdynU.YS	vaibhav associates	vaibhav	2024-07-28 05:53:47.719	5	417686.4
64e84355-9762-417b-81a1-cb9e66e571da	anupam@gmail.com	$2a$10$yyZyOijy38sBTss9eC7Ye.8Uf1feNuDijhGWipVox4t21dnO1zp7a	anupam industries	anupam	2024-07-28 05:53:47.719	5	287560.8
a7cf4ce8-a9cd-41e6-99b0-427ff5b3655f	raj@gmail.com	$2a$10$lgjFapRdMPdwDZrmJOAwSOsLdEmI3zCijOInPSiXEZu3A876zAL9q	raj wood	raj	2024-07-28 05:53:47.719	5	321011.2
b1d6d6ef-21ae-47de-8411-d841619750ad	amit@gmail.com	$2a$10$qGn/4JF.mZ3S6y2s0bE6LO851fa/NE7YfH7kb2fe8PfKnsWL9DA7.	amit trading co.	amit	2024-07-28 05:53:47.719	2	3422.4
b88be087-aed0-4a68-a5bd-ca2b2d94c158	jogesh@gmail.com	$2a$10$Op/4ScMrikN1cCv7jN/bQuh1acwDLf8.phFthAydU7F2FY9SttF2C	jogesh ceramics	jogesh	2024-07-28 05:53:47.719	3	47580
3bc6150d-97b2-45a9-aac4-477ac02fb2a7	kiran@gmail.com	$2a$10$o6jGjvx4veK3JyecojNgzOhN51Zmi9IiAjKtnRlekUevWehls2Nya	kiran medicos	kiran	2024-07-28 05:59:47.35	4	601524.8
63605e8b-2669-461f-8638-48c7cb35904a	uddeepta@gmail.com	$2a$10$mj12eMGz8rde5w0EnTUpyudlFFybwykqk7RCWM51GZ423TEdtoe16	uddeepta solutions	uddeepta	2024-07-28 05:53:47.719	3	246149.6
f0fc3109-3b72-4cd6-9f2b-658b1b81b920	hardik@gmail.com	$2a$10$e2TmfGmPUe3Qhp3Vyg4NqOlH17phpiU3qPVz73gN3lIMekRyWnFR.	hardik agro	hardik	2024-07-30 04:49:55.687	5	788080
6a8d108f-0607-4a3d-a3cd-24ad80877cb9	kush@gmail.com	$2a$10$vHt2H.k1RrSoxWT5Bmub6eGUxcQ21u6oLeb/oUNiCjqLaouwPBOMi	kush ventures	kush	2024-07-28 05:53:47.719	2	731799.2
7cd605ce-6789-451d-acd2-949cd1100ae8	rajbeer@gmail.com	$2a$10$vQRNKuBDhLhpodXwmDzl8OXrplgXBNvYAja.8rJf4ynNLwYCDX4Au	rajbeer mines	rajbeer	2024-07-28 05:53:47.719	5	2050934.4
\.


--
-- Data for Name: _prisma_migrations; Type: TABLE DATA; Schema: public; Owner: rajbeer
--

COPY public._prisma_migrations (id, checksum, finished_at, migration_name, logs, rolled_back_at, started_at, applied_steps_count) FROM stdin;
fdd4aa4d-ec4a-44d6-8f74-3599f0484fbd	29e6f1a095e1b9adc5e1bf3a4b4dd0025fcde826832d0f8ecce1e9ad60961096	2024-07-26 13:03:13.23281+00	20240725040800_init	\N	\N	2024-07-26 13:03:13.222534+00	1
5b8e23dd-15ea-4ab0-9043-24c42d6c04a3	6d574b51879ba6abf598146f2510b584c2a869098380fc0c4aa0ea5705a9aecb	2024-07-26 13:03:13.236211+00	20240725054633_user	\N	\N	2024-07-26 13:03:13.233802+00	1
82f5bf73-2dc6-4636-acb6-2795246a2273	ae1c9cbc505b232625567ae0f6411a0acb8506627fc5e42a2cf1302675cb94d7	2024-07-26 13:03:13.25479+00	20240726093950_trans	\N	\N	2024-07-26 13:03:13.237347+00	1
7efa74c8-8ded-4edf-830a-8ac50e23651e	cce01db546a8daac8bac37d8f74ccf22db8412207ed61405b465a4e293933486	2024-07-26 13:03:13.285857+00	20240726094537_tt	\N	\N	2024-07-26 13:03:13.25624+00	1
ec3f065d-295b-441e-8855-d2bd1b3257a8	d80f1a695fe8ea42e105ed95ecfee06e77d209572570cca832d3f926ac00ba43	2024-07-26 13:03:13.300499+00	20240726100550_transaction	\N	\N	2024-07-26 13:03:13.287408+00	1
02dc63be-42a5-4dc5-9976-06b801593e51	a237205fa0763d931151248a0d64e281c223da09b51a5bdc903ebedebe18d6dc	2024-07-26 13:03:13.309105+00	20240726130217_t	\N	\N	2024-07-26 13:03:13.30136+00	1
94ecb3fe-037c-4c69-8ebf-e08c1da219f2	38b1b85e5a5df43498703a0c3ada7108654bf57caa5e05310d5b2563c790cb64	2024-07-26 19:24:15.545082+00	20240726192415_y	\N	\N	2024-07-26 19:24:15.516348+00	1
9d632a0c-a13f-4b70-a6e2-6b8d4352ad4a	b5e988e4d07a5408d938d1a653aa81d5c96836cbd79753fd813ab37763315691	2024-07-27 06:43:01.215694+00	20240727064301_y	\N	\N	2024-07-27 06:43:01.206104+00	1
58b23721-12d5-4ba5-859e-386ee485b89d	f156077fb1c6d2c7413be86bcfee69d6e413ce2fbace3d8e18ebf771bfbd0dc0	2024-07-27 06:47:36.338707+00	20240727064736_j	\N	\N	2024-07-27 06:47:36.320041+00	1
8d232a44-24dd-45f7-8d35-5d3dd1cae9d0	f8355afa200d6062cea9bc6a154d1e7f5eee19ce42b016562b68be6d4f83c7aa	2024-07-28 05:47:26.668884+00	20240728054726_g	\N	\N	2024-07-28 05:47:26.657392+00	1
afe7c243-5eb4-404b-bc43-0fe3856c3cac	210dd631d4aabb32c29df05e60b52c6d479fce7faf5c404c70a91748be770a60	2024-07-28 05:53:47.72306+00	20240728055347_f	\N	\N	2024-07-28 05:53:47.716653+00	1
4629aace-91d3-4998-ad08-db82874a274d	b9d3b245a5920f84dcc109789ea87bd4f5ce20b85ec1032a4f7007981a2c0b44	2024-08-01 04:11:13.576609+00	20240801041113_g	\N	\N	2024-08-01 04:11:13.568836+00	1
cfe66920-d918-4de6-9106-76a484e2efc5	15f0416b693832627f4f757a61119a7c04ff1f85998366e9150ba79498aa3c33	2024-08-01 05:08:27.006892+00	20240801050826_gh	\N	\N	2024-08-01 05:08:27.0009+00	1
55e7b0a7-d691-4909-bc6e-d25ccb160d88	2bd86afcb3f3f9bce852fa805bcbc88c97d9d765584408f9346b6782e5b77f43	2024-08-01 05:11:46.377781+00	20240801051146_ddd	\N	\N	2024-08-01 05:11:46.373322+00	1
\.


--
-- Name: Funds Funds_pkey; Type: CONSTRAINT; Schema: public; Owner: rajbeer
--

ALTER TABLE ONLY public."Funds"
    ADD CONSTRAINT "Funds_pkey" PRIMARY KEY (id);


--
-- Name: Transaction Transaction_pkey; Type: CONSTRAINT; Schema: public; Owner: rajbeer
--

ALTER TABLE ONLY public."Transaction"
    ADD CONSTRAINT "Transaction_pkey" PRIMARY KEY (id);


--
-- Name: User User_pkey; Type: CONSTRAINT; Schema: public; Owner: rajbeer
--

ALTER TABLE ONLY public."User"
    ADD CONSTRAINT "User_pkey" PRIMARY KEY (id);


--
-- Name: _prisma_migrations _prisma_migrations_pkey; Type: CONSTRAINT; Schema: public; Owner: rajbeer
--

ALTER TABLE ONLY public._prisma_migrations
    ADD CONSTRAINT _prisma_migrations_pkey PRIMARY KEY (id);


--
-- Name: User_email_key; Type: INDEX; Schema: public; Owner: rajbeer
--

CREATE UNIQUE INDEX "User_email_key" ON public."User" USING btree (email);


--
-- Name: Funds Funds_userId_fkey; Type: FK CONSTRAINT; Schema: public; Owner: rajbeer
--

ALTER TABLE ONLY public."Funds"
    ADD CONSTRAINT "Funds_userId_fkey" FOREIGN KEY ("userId") REFERENCES public."User"(id) ON UPDATE CASCADE ON DELETE RESTRICT;


--
-- Name: Transaction Transaction_buyerId_fkey; Type: FK CONSTRAINT; Schema: public; Owner: rajbeer
--

ALTER TABLE ONLY public."Transaction"
    ADD CONSTRAINT "Transaction_buyerId_fkey" FOREIGN KEY ("buyerId") REFERENCES public."User"(id) ON UPDATE CASCADE ON DELETE RESTRICT;


--
-- Name: Transaction Transaction_sellerId_fkey; Type: FK CONSTRAINT; Schema: public; Owner: rajbeer
--

ALTER TABLE ONLY public."Transaction"
    ADD CONSTRAINT "Transaction_sellerId_fkey" FOREIGN KEY ("sellerId") REFERENCES public."User"(id) ON UPDATE CASCADE ON DELETE RESTRICT;


--
-- Name: SCHEMA public; Type: ACL; Schema: -; Owner: rajbeer
--

REVOKE USAGE ON SCHEMA public FROM PUBLIC;


--
-- PostgreSQL database dump complete
--

